mql_id,seller_id,sdr_id,sr_id,won_date,business_segment,lead_type,lead_behaviour_profile,has_company,has_gtin,average_stock,business_type,declared_product_catalog_size,declared_monthly_revenue
5420aad7fec3549a85876ba1c529bd84,2c43fb513632d29b3b58df74816f1b06,a8387c01a09e99ce014107505b92388c,4ef15afb4b2723d8f3d81e51ec7afefe,2018-02-26 19:58:54,pet,online_medium,cat,,,,reseller,,0.0
a555fb36b9368110ede0f043dfc3b9a0,bbb7d7893a450660432ea6652310ebb7,09285259593c61296eef10c734121d5b,d3d1e91a157ea7f90548eef82f1955e3,2018-05-08 20:17:59,car_accessories,industry,eagle,,,,reseller,,0.0
327174d3648a2d047e8940d7d15204ca,612170e34b97004b3ba37eae81836b4c,b90f87164b5f8c2cfa5c8572834dbe3f,6565aa9ce3178a5caf6171827af3a9ba,2018-06-05 17:27:23,home_appliances,online_big,cat,,,,reseller,,0.0
f5fee8f7da74f4887f5bcae2bafb6dd6,21e1781e36faf92725dde4730a88ca0f,56bf83c4bb35763a51c2baab501b4c67,d3d1e91a157ea7f90548eef82f1955e3,2018-01-17 13:51:03,food_drink,online_small,,,,,reseller,,0.0
ffe640179b554e295c167a2f6be528e0,ed8cb7b190ceb6067227478e48cf8dde,4b339f9567d060bcea4f5136b9f5949e,d3d1e91a157ea7f90548eef82f1955e3,2018-07-03 20:17:45,home_appliances,industry,wolf,,,,manufacturer,,0.0
b94fba7670eeb44dce2a0d8eb790e9f5,1c742ac33582852aaf3bcfbf5893abcf,fdb16d3cbbeb5798f2f66c4096be026d,495d4e95a8cf8bbf8b432b612a2aa328,2018-02-07 18:04:05,health_beauty,online_medium,,,,,manufacturer,,0.0
c3e30ed7ac989117c7e1e719b4ac128f,92d7568ad0c5c76fd7d341b2d46f24d6,4b339f9567d060bcea4f5136b9f5949e,85fc447d336637ba1df43e793199fbc8,2018-04-16 18:18:22,computers,online_medium,wolf,,,,reseller,,0.0
b02c89251106e1fdd9d92744be9f94f2,44ed138eca6214d572ce1d813fb0049b,34d40cdaf94010a1d05b0d6212f9e909,4ef15afb4b2723d8f3d81e51ec7afefe,2018-04-17 17:01:57,health_beauty,offline,cat,,,,manufacturer,,0.0
a90a37898cc5f2718385a2fb981caaff,0b28859cd04d23edefee9c591fb03cd8,f42a2bd194f7802ab052a815c8de65b7,6565aa9ce3178a5caf6171827af3a9ba,2018-05-14 18:37:15,household_utilities,offline,eagle,,,,reseller,,0.0
0173e8d8b1d94a355b440fb67388f532,87d73636a3acf123e842bb890a4db036,9d12ef1a7eca3ec58c545c678af7869c,9e4d1098a3b0f5da39b0bc48f9876645,2018-04-24 03:00:00,household_utilities,online_medium,eagle,,,,manufacturer,,0.0
4e4e70d504b4c0006c8287dedc99d0fc,f7a0d94e966c5665355a182d5b199fcf,fdb16d3cbbeb5798f2f66c4096be026d,4ef15afb4b2723d8f3d81e51ec7afefe,2018-02-28 19:42:14,construction_tools_house_garden,online_medium,cat,,,,reseller,,0.0
408a9c4a79800232ac656249af3162eb,b566ab0ef88016e00422755e305103c6,de63de0d10a6012430098db33c679b0b,d3d1e91a157ea7f90548eef82f1955e3,2018-02-23 13:54:40,construction_tools_house_garden,online_big,cat,,,,reseller,,0.0
c556184b3fe2087834850b68fa435cee,2d2322d842118867781fc737e96d59a1,09285259593c61296eef10c734121d5b,2695de1affa7750089c0455f8ce27021,2018-05-22 13:24:08,household_utilities,online_medium,cat,,,,reseller,,0.0
67455a0673f5cf26deae5b270c003e83,e7012030d0fdd1d3ca504f6de7909c35,4b339f9567d060bcea4f5136b9f5949e,9ae085775a198122c5586fa830ff7f2b,2018-06-14 14:30:20,toys,online_big,wolf,,,,reseller,,0.0
ab11f58a6bf7036a656364b0ba68fb74,9e7c5f4d7770eab65738cca38f9efccf,068066e24f0c643eb1d089c7dd20cd73,de63de0d10a6012430098db33c679b0b,2018-04-10 03:00:00,sports_leisure,online_medium,cat,,,,reseller,,0.0
bae38661a27f6228ba38c36e766ed769,6a6b1614baaaf766293c17d8cb8c5a9d,f42a2bd194f7802ab052a815c8de65b7,495d4e95a8cf8bbf8b432b612a2aa328,2018-09-10 14:18:01,stationery,industry,cat,,,20-50,reseller,2000.0,100000.0
450b97a48568c3118ff397f73abe4e4a,df91910b6a03bb2e3358fa6a35e32f6f,09285259593c61296eef10c734121d5b,060c0a26f19f4d66b42e0d8796688490,2018-04-10 19:21:54,food_drink,online_medium,cat,,,,manufacturer,,0.0
9878253904482726e741460a99adba86,92d46311e4fa7583d14c351fdc881af6,de63de0d10a6012430098db33c679b0b,4ef15afb4b2723d8f3d81e51ec7afefe,2018-01-26 17:23:46,food_supplement,industry,,,,,manufacturer,,0.0
ed3d878bf23177e7075ce07578841047,249f0e9905a6e06ad6c6bea7547ab9f6,9d12ef1a7eca3ec58c545c678af7869c,fbf4aef3f6915dc0c3c97d6812522f6a,2018-05-11 19:03:19,home_decor,online_medium,cat,,,,manufacturer,,0.0
119ce5d79e3c006a9e46967bff271cb2,b494891378bd8f4560abe576c52deacd,b90f87164b5f8c2cfa5c8572834dbe3f,4ef15afb4b2723d8f3d81e51ec7afefe,2018-06-19 14:08:22,health_beauty,online_top,cat,,,,reseller,,0.0
1f4e960dc47c49ab5c2a495e00055f64,8c45b4bc4b5c1e2a4e789b4466a39b77,56bf83c4bb35763a51c2baab501b4c67,c638112b43f1d1b86dcabb0da720c901,2018-02-07 13:57:02,bed_bath_table,offline,,,,,reseller,,0.0
05d287893f5f083739da863da2c4b6f8,49f6ca9231352dedda1ad1176ce70531,9e4d1098a3b0f5da39b0bc48f9876645,060c0a26f19f4d66b42e0d8796688490,2018-04-16 13:09:09,health_beauty,online_small,cat,,,,reseller,,0.0
0b97be8b4b408a3a0780a32e0a143a7f,7d13fca15225358621be4086e1eb0964,56bf83c4bb35763a51c2baab501b4c67,9ae085775a198122c5586fa830ff7f2b,2018-02-08 17:20:14,watches,online_big,,,,,reseller,,0.0
2552a7b886c1710f36be92ac29b1362d,efa89b428cbc422ba9313b4fc6feafc7,56bf83c4bb35763a51c2baab501b4c67,d3d1e91a157ea7f90548eef82f1955e3,2018-02-16 12:31:56,fashion_accessories,online_beginner,,,,,manufacturer,,0.0
59c0665c39a2bb9c8776d66f4e8b8f66,cb3666965a560e723403683bd378a5f7,fdb16d3cbbeb5798f2f66c4096be026d,4ef15afb4b2723d8f3d81e51ec7afefe,2018-02-22 12:40:15,jewerly,online_medium,,,,,manufacturer,,0.0
4151b0029636a1c55afcce9283ac7902,e819bcfade7b5d88a27325eb6cfd62c5,068066e24f0c643eb1d089c7dd20cd73,9ae085775a198122c5586fa830ff7f2b,2018-02-12 13:18:13,home_decor,industry,,,,,manufacturer,,0.0
fc4166d1b1e192f650ee2d807b54c943,70c27847eca8195c983ed7e798c56743,fdb16d3cbbeb5798f2f66c4096be026d,4ef15afb4b2723d8f3d81e51ec7afefe,2018-02-08 20:57:44,pet,online_small,,,,,reseller,,0.0
85e43237b3fb87d881c757f44f1b0357,556a6409838156ea299c9d1f9e2dde43,4b339f9567d060bcea4f5136b9f5949e,fbf4aef3f6915dc0c3c97d6812522f6a,2018-04-06 20:52:54,household_utilities,industry,shark,,,,reseller,,0.0
9ce2e101957dc53e3e89cc8e1599aa60,a4fc6eadaff1576af888509a53420f6a,09285259593c61296eef10c734121d5b,6565aa9ce3178a5caf6171827af3a9ba,2018-04-13 12:27:48,computers,online_beginner,cat,,,,reseller,,0.0
9a6b65aedf8177783035f3a53ca21ed1,0975b0dd18febd1008391fa53dff0891,370c9f455f93a9a96cbe9bea48e70033,85fc447d336637ba1df43e793199fbc8,2018-04-18 18:02:08,party,online_medium,eagle,,,,manufacturer,,0.0
4bb1ec1ff58ad39558e8468054bfc469,4fae87d32467e18eb46e4a76a0a0b9ce,9d12ef1a7eca3ec58c545c678af7869c,a8387c01a09e99ce014107505b92388c,2018-07-19 18:06:07,small_appliances,online_medium,cat,True,True,20-50,reseller,,0.0
c34eb63cd098bf4be03d53462d7ecba2,3525be8392a4fa3274c459bcfee41eef,4b339f9567d060bcea4f5136b9f5949e,de63de0d10a6012430098db33c679b0b,2018-07-04 15:07:27,food_supplement,online_small,cat,,,,reseller,,0.0
e428d5580f729d23e6070e43c492e424,8b181ee5518df84f18f4e1a43fe07923,09285259593c61296eef10c734121d5b,de63de0d10a6012430098db33c679b0b,2018-04-25 03:00:00,health_beauty,online_medium,shark,,,,reseller,,0.0
e3c91316d8f28b18d96869aebbb7c3ec,d594982fd877af63ace38ea1fca27c76,09285259593c61296eef10c734121d5b,fbf4aef3f6915dc0c3c97d6812522f6a,2018-06-05 17:20:34,audio_video_electronics,industry,wolf,,,,reseller,,0.0
72e81de94dfc0373b006ca75e9c851a1,2f1e89e231b096f4ff1f55dfe8607a7b,e7dff61b78bebffa71678e126ce669ad,068066e24f0c643eb1d089c7dd20cd73,2018-10-31 16:54:59,computers,online_medium,cat,True,,1-5,reseller,80.0,0.0
1cbfa9c878ef8692c1ae21e4cfa11000,90269579385b838ce9bd577dcec278a4,34d40cdaf94010a1d05b0d6212f9e909,85fc447d336637ba1df43e793199fbc8,2018-05-30 14:43:50,pet,industry,cat,,,,manufacturer,,0.0
b055fc7de322786cd9ddc996cb6e72ff,398cb257329ef7af7f1943a8974a3cbc,a8387c01a09e99ce014107505b92388c,9ae085775a198122c5586fa830ff7f2b,2018-03-06 12:25:29,food_drink,online_medium,cat,,,,manufacturer,,0.0
a8d2884db49e0769ad4a0b8dce2e143c,d65f74c704563bcb8baa915fbf8cfa1e,6aa3b86a83d784b05f0e37e26b20860d,de63de0d10a6012430098db33c679b0b,2018-09-27 12:31:01,health_beauty,online_medium,cat,,False,,reseller,15.0,20000.0
d955b97b28c2966211c9de2fe22fefbd,26e2c91ef821e1ff8985f408788fe35b,4b339f9567d060bcea4f5136b9f5949e,6565aa9ce3178a5caf6171827af3a9ba,2018-02-06 15:46:14,bed_bath_table,online_beginner,,,,,manufacturer,,0.0
1d7cc0f1d0b54eac3609c5222246595b,dedcab67899479e4ea5dcc4eba47f587,56bf83c4bb35763a51c2baab501b4c67,d3d1e91a157ea7f90548eef82f1955e3,2018-05-15 18:05:25,car_accessories,online_medium,,,,,reseller,,0.0
78f9eb91b8c7b3b3967fab18283ec614,ca4b77513ac2040591b0d8fae6958380,370c9f455f93a9a96cbe9bea48e70033,a8387c01a09e99ce014107505b92388c,2018-06-11 12:40:42,health_beauty,online_medium,cat,,,,reseller,,0.0
20fcec0873b39b4df3df34140d77d6e7,cee3c487c56d29554a22d112af618301,084b6fbb10729ed4da8c3d3f5a3ae7c9,0a0fb2b07d841f84fb6714e35c723075,2018-11-14 18:04:19,other,other,cat,False,False,1-5,other,120.0,6000.0
0a1643cb73c25878cc845d5594059afe,ae9d6bb89361dff26edbccc7e1c2911d,068066e24f0c643eb1d089c7dd20cd73,2695de1affa7750089c0455f8ce27021,2018-04-27 14:01:33,fashion_accessories,online_beginner,cat,,,,manufacturer,,0.0
92c7eacf759c266a7663d63876d84223,da3eab58892c04039f4cd5ecb09ae260,9d12ef1a7eca3ec58c545c678af7869c,c638112b43f1d1b86dcabb0da720c901,2018-03-27 19:14:00,home_decor,offline,eagle,,,,manufacturer,,0.0
f72a53e19c3310188cedd074226312c9,6e4a902d1054e4e17aa6eab87fac1c75,34d40cdaf94010a1d05b0d6212f9e909,2695de1affa7750089c0455f8ce27021,2018-06-18 13:58:00,audio_video_electronics,offline,wolf,,,,reseller,,0.0
d25814a309be54d1d2279a4ff921ea28,2d42ebcda99fd55f6f4bc2f1ca035d50,4b339f9567d060bcea4f5136b9f5949e,9e4d1098a3b0f5da39b0bc48f9876645,2018-04-11 03:00:00,home_decor,online_big,cat,,,,reseller,,0.0
e3ed7cb7b47e4079cb9fef895846b3e2,04843805947f0fc584fc1969b6e50fe7,9d12ef1a7eca3ec58c545c678af7869c,fbf4aef3f6915dc0c3c97d6812522f6a,2018-04-18 16:50:40,home_decor,online_big,cat,,,,manufacturer,,0.0
413e4eb37de01f40522e28ecdc268639,d9d057968270cdb30c14cba606d5dc90,4b339f9567d060bcea4f5136b9f5949e,495d4e95a8cf8bbf8b432b612a2aa328,2018-03-29 17:48:42,car_accessories,online_medium,,,,,reseller,,0.0
c1e598764329cc9c377ef1d029be8ceb,d4dcd3a31f5f19aea2f258a568517a4f,fdb16d3cbbeb5798f2f66c4096be026d,060c0a26f19f4d66b42e0d8796688490,2018-02-22 13:18:26,food_drink,industry,,,,,manufacturer,,0.0
9cca8d684240e24dd459f2d439fae30c,28760737b4b82d4479ddff8db5e9f71f,9e4d1098a3b0f5da39b0bc48f9876645,4ef15afb4b2723d8f3d81e51ec7afefe,2018-02-27 20:04:12,pet,online_medium,cat,,,,manufacturer,,0.0
0d99b130d767e50e22b528261ffe5550,0dccb6973ef48a00fbcccfe907181ab0,34d40cdaf94010a1d05b0d6212f9e909,a8387c01a09e99ce014107505b92388c,2018-06-11 12:04:11,food_supplement,online_beginner,cat,,,,reseller,,0.0
7c9ac4388867d4cc3f1cf9c05ad7e944,751e274377499a8503fd6243ad9c56f6,9749123c950bf8363ace42cb1c2d0815,4ef15afb4b2723d8f3d81e51ec7afefe,2018-07-30 14:34:51,audio_video_electronics,online_big,cat,,,,reseller,,0.0
2c5d0b35798bffadf8f67ef0af84d183,93a55b2252867fd7df54c78cbd5c6d95,56bf83c4bb35763a51c2baab501b4c67,fbf4aef3f6915dc0c3c97d6812522f6a,2018-04-02 14:20:33,construction_tools_house_garden,offline,cat,,,,reseller,,0.0
e5860ae00103b3869a25d940345bf0fd,1185ae3e5ac0463c854dad54fc8fc9e1,34d40cdaf94010a1d05b0d6212f9e909,495d4e95a8cf8bbf8b432b612a2aa328,2018-04-13 12:50:35,bags_backpacks,industry,cat,,,,manufacturer,,0.0
014c073ef65e4a7ef73acd61cf606164,2646baaf662d4d92ac48f047e35db92d,9d12ef1a7eca3ec58c545c678af7869c,4ef15afb4b2723d8f3d81e51ec7afefe,2018-03-23 19:06:54,construction_tools_house_garden,online_medium,eagle,,,,reseller,,0.0
3a91a097116d6c8b32d41e0c81dd1e9c,e433f5fd4050e3352b5d83522b7fe24b,a8387c01a09e99ce014107505b92388c,9e4d1098a3b0f5da39b0bc48f9876645,2018-04-26 03:00:00,construction_tools_house_garden,online_medium,cat,,,,manufacturer,,0.0
1030d227d3fe9ed0555666c4ffd14ab1,5cc5fe3c6e303fb7656ee7b0ca21ed58,9e4d1098a3b0f5da39b0bc48f9876645,6565aa9ce3178a5caf6171827af3a9ba,2018-03-12 13:21:11,jewerly,online_small,cat,,,,reseller,,0.0
1c69de363482d0cbc9b6da97cb49757a,dc64d75cc406bb0697be983831430e60,f42a2bd194f7802ab052a815c8de65b7,85fc447d336637ba1df43e793199fbc8,2018-04-30 21:13:36,audio_video_electronics,online_small,cat,,,,reseller,,0.0
415ae4e297c08fd8790a5b1e1ba8482e,08d1c9478fb0d7d7fcac9c0da4e82fc7,4b339f9567d060bcea4f5136b9f5949e,de63de0d10a6012430098db33c679b0b,2018-04-27 13:35:00,home_decor,online_medium,wolf,,,,manufacturer,,0.0
a55b94066766f2d29fc22a3bb52d78f6,5181ea7b0d346ed14c5c07f0ff22b2b4,fdb16d3cbbeb5798f2f66c4096be026d,4ef15afb4b2723d8f3d81e51ec7afefe,2018-09-04 14:15:04,toys,online_big,cat,,,5-20,reseller,1000.0,180000.0
f5da97d441cd42b0b26c10145b71a923,ee2fbacc2fc3794e656cc4d933d59ce7,9d12ef1a7eca3ec58c545c678af7869c,fbf4aef3f6915dc0c3c97d6812522f6a,2018-05-18 18:08:22,small_appliances,online_big,cat,,,,reseller,,0.0
682e8ae60182137d74d90ada9e0947d8,7fc87cc3e89b3d1d5cabdca32f8485aa,a8387c01a09e99ce014107505b92388c,4ef15afb4b2723d8f3d81e51ec7afefe,2018-02-27 19:19:47,home_office_furniture,offline,cat,,,,manufacturer,,0.0
77abef21c838da55e14ffc88016ce91f,eba08391609dfda5c016fdd264f9383b,068066e24f0c643eb1d089c7dd20cd73,6565aa9ce3178a5caf6171827af3a9ba,2018-01-12 16:07:27,home_decor,online_medium,,,,,reseller,,0.0
46d9834fa62209a6504b2aabe46d7bfb,8b3317388df29d5fa94360a486ad3356,56bf83c4bb35763a51c2baab501b4c67,6565aa9ce3178a5caf6171827af3a9ba,2018-02-26 12:45:46,car_accessories,online_medium,cat,,,,reseller,,0.0
009ff90f082aaa9fcd6e14caf65c7cc6,134285d1f41da5c13a756ee8142c8a4e,a8387c01a09e99ce014107505b92388c,9e4d1098a3b0f5da39b0bc48f9876645,2018-04-03 03:00:00,car_accessories,online_big,cat,,,,reseller,,0.0
29b97ecc5839e61efb7bdc25e979d8c6,e9e446d01bd10a97a8ffcfc4a3a20cb2,09285259593c61296eef10c734121d5b,d3d1e91a157ea7f90548eef82f1955e3,2018-04-27 16:11:57,health_beauty,online_medium,cat,,,,reseller,,0.0
8d6be534a8bdd08e11efe57c6ce3dd21,6061155addc1e54b4cfb51c1c2a32ad8,a8387c01a09e99ce014107505b92388c,2695de1affa7750089c0455f8ce27021,2018-04-27 20:44:40,pet,online_small,cat,,,,reseller,,0.0
4979feabd6097fb6100fd36c3c32aae0,bba8d0c234a52b87b3957037a215d1a4,56bf83c4bb35763a51c2baab501b4c67,c638112b43f1d1b86dcabb0da720c901,2018-02-22 21:07:50,home_decor,online_small,cat,,,,manufacturer,,0.0
5985e72b3752e4749926885db1b45be4,044668ccd5316b12a7cf0d54a156e3e9,56bf83c4bb35763a51c2baab501b4c67,4ef15afb4b2723d8f3d81e51ec7afefe,2018-01-31 21:00:13,food_drink,offline,,,,,reseller,,0.0
048bb2f901e2c6f99bc9d26b78b47129,fc813dd7e04b8a1c9c10e8e9c10cd5f9,0a0fb2b07d841f84fb6714e35c723075,4ef15afb4b2723d8f3d81e51ec7afefe,2018-06-25 19:33:44,music_instruments,industry,cat,,,,reseller,,0.0
58caf27a48e7930aefd5437298d64a70,922f6795c9e65f2485d4e63af76586ff,45749fb708130f78d0db07d8d80f030b,34d40cdaf94010a1d05b0d6212f9e909,2018-09-21 18:18:15,bed_bath_table,online_medium,"cat, wolf",True,True,5-20,reseller,50.0,30000.0
2b094148a9d10109b903715267c4dd14,224167f6e956da2f71c0e8dbdaa8bbf0,56bf83c4bb35763a51c2baab501b4c67,4ef15afb4b2723d8f3d81e51ec7afefe,2018-03-12 13:14:10,computers,offline,eagle,,,,reseller,,0.0
e5f15cc640c8a7408103dd190ced966c,30a81d8cf85fb2ada1b1b094c9583a95,068066e24f0c643eb1d089c7dd20cd73,4ef15afb4b2723d8f3d81e51ec7afefe,2018-01-19 16:51:28,pet,online_top,,,,,reseller,,0.0
a15880813bd2f137e9f6922cbb7255bf,7e417525a6ce49b708fd384e580fe3c4,a8387c01a09e99ce014107505b92388c,6565aa9ce3178a5caf6171827af3a9ba,2018-04-03 17:19:55,home_decor,online_medium,cat,,,,manufacturer,,0.0
3bcc8997df233ab581f30dd65f14698c,b6cac2bb2d83cae903e336e6a993c795,34d40cdaf94010a1d05b0d6212f9e909,de63de0d10a6012430098db33c679b0b,2018-04-23 14:31:35,car_accessories,online_big,cat,,,,reseller,,0.0
afac78e614dac1a1470030ea55c08eef,0ddefe3c7a032b91f4e25b9c3a08fca1,de63de0d10a6012430098db33c679b0b,6565aa9ce3178a5caf6171827af3a9ba,2018-02-09 15:35:51,household_utilities,online_small,cat,,,,reseller,,0.0
d0b2ef3bdc9ed0fce3d672ec52dc9c00,45dfe11016c782d99a19f93dd34c300d,a8387c01a09e99ce014107505b92388c,060c0a26f19f4d66b42e0d8796688490,2018-03-16 14:17:34,car_accessories,online_medium,cat,,,,reseller,,0.0
496515dec2a1c280f145f6ccb34851fb,6f835fd4be26989b1b064399da346143,09285259593c61296eef10c734121d5b,d3d1e91a157ea7f90548eef82f1955e3,2018-04-27 16:09:25,audio_video_electronics,online_medium,wolf,,,,reseller,,0.0
17c77fd570aa86b74387fae66d9d4edd,3e35a8bb43569389d3cebef0ce820f69,de63de0d10a6012430098db33c679b0b,4ef15afb4b2723d8f3d81e51ec7afefe,2018-01-18 11:09:00,food_drink,industry,,,,,reseller,,0.0
cc4ec90b270b9f1de8dc2d8864425252,a7d0f8dd44f57ef6de7f7f02e3d82630,b90f87164b5f8c2cfa5c8572834dbe3f,85fc447d336637ba1df43e793199fbc8,2018-04-27 21:38:40,health_beauty,online_medium,cat,,,,reseller,,0.0
f0b314f185b80cf35d986e298db53fe3,a663d9c3797e90eac99ff60939416a56,34d40cdaf94010a1d05b0d6212f9e909,060c0a26f19f4d66b42e0d8796688490,2018-04-27 21:08:34,computers,online_beginner,cat,,,,reseller,,0.0
902a621ebb8a96c516d34a58334eb0ee,2aef4c8187ab057d6f1b7e0e636aa481,e7dff61b78bebffa71678e126ce669ad,a8387c01a09e99ce014107505b92388c,2018-08-28 17:09:31,construction_tools_house_garden,online_beginner,,,,,reseller,4.0,6.0
a1ad46372861ecf61fdab04c7bf5082e,8e3338430e8b66d28aa88fa892a00063,9e4d1098a3b0f5da39b0bc48f9876645,fbf4aef3f6915dc0c3c97d6812522f6a,2018-02-26 20:32:17,home_decor,online_small,cat,,,,reseller,,0.0
7893b5468710641ad87f8b4aa1b8777d,3084dcdea01fe4f2d556540e6b2e873d,068066e24f0c643eb1d089c7dd20cd73,060c0a26f19f4d66b42e0d8796688490,2018-04-03 18:56:08,construction_tools_house_garden,industry,cat,,,,reseller,,0.0
a82596c6fd3ed643b18a2a942eb6ddc9,a213f1bd6458f4a158f3746cb2514559,de63de0d10a6012430098db33c679b0b,d3d1e91a157ea7f90548eef82f1955e3,2018-04-26 16:05:43,computers,online_beginner,,,,,reseller,,0.0
36f6d5bde803873f6bffe9949f258935,a56e351445e5863fc8960640ba9190c7,9e4d1098a3b0f5da39b0bc48f9876645,495d4e95a8cf8bbf8b432b612a2aa328,2018-02-26 20:02:10,home_decor,online_small,cat,,,,reseller,,0.0
4ddc45a9de1065695a90e87be37471c0,9d590e1df0faffd9ceaa1f0f0ea9af2f,e7dff61b78bebffa71678e126ce669ad,2695de1affa7750089c0455f8ce27021,2018-09-21 18:49:49,audio_video_electronics,online_medium,wolf,True,True,5-20,reseller,50.0,0.0
d2c1295f655a2d436edda96084211820,f49987b20beada69981c57899ffd1095,9d12ef1a7eca3ec58c545c678af7869c,56bf83c4bb35763a51c2baab501b4c67,2018-08-03 17:41:00,home_office_furniture,online_medium,wolf,,,,reseller,,0.0
1cfef7cfd8d26b1ecb8b0eccca6366ca,5cb4a72356883c59790dc8309cddea2f,068066e24f0c643eb1d089c7dd20cd73,9ae085775a198122c5586fa830ff7f2b,2018-01-30 16:30:17,home_decor,online_medium,,,,,manufacturer,,0.0
2708ccf204c47df56b5469327e900581,fcdd820084f17e9982427971e4e9d47f,de63de0d10a6012430098db33c679b0b,4ef15afb4b2723d8f3d81e51ec7afefe,2018-02-15 17:38:42,household_utilities,online_big,,,,,manufacturer,,0.0
44ebc4e28c99d8aeaead73b4b70cc5e9,131fcb0a0c9a47bba4474aacff0f14b7,370c9f455f93a9a96cbe9bea48e70033,9e4d1098a3b0f5da39b0bc48f9876645,2018-04-20 03:00:00,home_appliances,online_medium,cat,,,,reseller,,0.0
62e44187d92348c552952aa4bf152e90,3d5d0dc7073a299e31fa718ce1bc00b6,09285259593c61296eef10c734121d5b,4ef15afb4b2723d8f3d81e51ec7afefe,2018-05-07 16:42:08,health_beauty,online_medium,cat,,,,reseller,,0.0
5931bbfb35cc483290f5dd6a9fda8ee5,0db0dce302e414422ed38aabd133ae04,4b339f9567d060bcea4f5136b9f5949e,2695de1affa7750089c0455f8ce27021,2018-06-18 12:46:31,food_supplement,industry,wolf,,,,manufacturer,,0.0
0f2ad81c100f7a6c7475bd26ceb76cbf,3492e68f37fd1df87f4f2f2ea247f445,9e4d1098a3b0f5da39b0bc48f9876645,6565aa9ce3178a5caf6171827af3a9ba,2018-02-12 18:46:06,car_accessories,online_medium,cat,,,,reseller,,0.0
cfccca319397a5ea2bb11bd90b0d925d,ba143b05f0110f0dc71ad71b4466ce92,370c9f455f93a9a96cbe9bea48e70033,9e4d1098a3b0f5da39b0bc48f9876645,2018-04-17 19:12:16,books,online_big,cat,,,,reseller,,0.0
7281f75a3496aa1e3643f44cd5773a65,309405cfad0d11cd1ec6bb5d02c70c6b,4b339f9567d060bcea4f5136b9f5949e,495d4e95a8cf8bbf8b432b612a2aa328,2018-05-29 20:20:26,construction_tools_house_garden,online_big,cat,,,,manufacturer,,0.0
1fcceea4a8f4e128f39d1fe92d66a0d9,e52d2f15bba4aff8a1e2bd12b40fdfbc,f42a2bd194f7802ab052a815c8de65b7,4ef15afb4b2723d8f3d81e51ec7afefe,2018-06-15 19:49:16,household_utilities,,cat,,,,reseller,,0.0
1e2a84cd1c6fcd7b7a07f49f1cf7f6cc,f4009c6b30765309a251c26bc458e0e5,e7dff61b78bebffa71678e126ce669ad,9ae085775a198122c5586fa830ff7f2b,2018-08-07 19:47:27,stationery,industry,"eagle, wolf",True,True,200+,reseller,,0.0
1ab8d42d9e4a6b86010ac0a10c58fa86,11fb6f6d341adbe19e81733701704635,f42a2bd194f7802ab052a815c8de65b7,9ae085775a198122c5586fa830ff7f2b,2018-06-15 21:32:52,home_decor,online_medium,wolf,,,,reseller,,0.0
b5372c821691eff5fb470f33af079a64,42fac6337d0f14ecdc18a82bfe6dd076,4b339f9567d060bcea4f5136b9f5949e,fbf4aef3f6915dc0c3c97d6812522f6a,2018-01-26 20:25:59,household_utilities,industry,,,,,reseller,,0.0
165d6a6256273a3430fa4891413ac2f0,e0cfd7ece071eb006b1670ea64d0904e,f42a2bd194f7802ab052a815c8de65b7,9d12ef1a7eca3ec58c545c678af7869c,2018-09-25 11:55:05,construction_tools_house_garden,offline,cat,,,,reseller,400.0,100000.0
de1dbe3b8d524c96d50c30f2467c4bc6,841fba8f46ab4edd1bb086f53735000e,4b339f9567d060bcea4f5136b9f5949e,85fc447d336637ba1df43e793199fbc8,2018-04-06 17:40:28,car_accessories,online_top,cat,,,,reseller,,0.0
4e6e15ac583426150b75fc9b2951c7b1,a333655afd62d4ef51f55ac7c58abb34,4b339f9567d060bcea4f5136b9f5949e,4b339f9567d060bcea4f5136b9f5949e,2018-07-12 21:14:21,car_accessories,online_big,wolf,,,,reseller,,0.0
080261e4427a081fc6e637b654f590ee,ade45994b717ccee333492330fbf037b,068066e24f0c643eb1d089c7dd20cd73,85fc447d336637ba1df43e793199fbc8,2018-03-14 12:18:20,audio_video_electronics,online_big,cat,,,,reseller,,0.0
f9c43d70a22ac65ce5fa816a4c34f8f0,784fca1939f4ad6c73be249a80b17d18,9e4d1098a3b0f5da39b0bc48f9876645,85fc447d336637ba1df43e793199fbc8,2018-03-28 22:37:52,baby,online_small,wolf,,,,manufacturer,,0.0
42e452a93e736373dd9281c113eff2b7,da6a60cc8cc724fe51be021ff8be779c,0a0fb2b07d841f84fb6714e35c723075,495d4e95a8cf8bbf8b432b612a2aa328,2018-05-14 16:06:59,books,online_big,cat,,,,reseller,,0.0
67c34b9630469b3c13b7982316ffe7a1,6e985a12b7b98f0a15b7bf90cc882f61,56bf83c4bb35763a51c2baab501b4c67,c638112b43f1d1b86dcabb0da720c901,2018-01-22 13:18:32,home_office_furniture,industry,,,,,reseller,,0.0
bde34e7721e5a33091503ba45b3f8ea5,a69aa24cec11168e7e39a3fbc727e925,4b339f9567d060bcea4f5136b9f5949e,495d4e95a8cf8bbf8b432b612a2aa328,2018-04-30 03:00:00,health_beauty,online_big,cat,,,,reseller,,0.0
1124225a47b3f07185073f3df3b449bf,faf3ee2764599d114d7e8f25d4c19845,9749123c950bf8363ace42cb1c2d0815,2695de1affa7750089c0455f8ce27021,2018-09-11 19:25:49,home_decor,online_big,wolf,,,,reseller,800.0,100000.0
ac68bc93ecc07d7daec8ce924ca09b0c,6025c79c035c3d772133b8b8238463b2,b90f87164b5f8c2cfa5c8572834dbe3f,56bf83c4bb35763a51c2baab501b4c67,2018-05-10 19:07:39,car_accessories,online_medium,wolf,,,,reseller,,0.0
cd46a0224c83d17b825ebc226df3479c,e1643dff33666ca629e3644c02738179,9e4d1098a3b0f5da39b0bc48f9876645,9ae085775a198122c5586fa830ff7f2b,2018-03-13 14:56:01,household_utilities,offline,eagle,,,,reseller,,0.0
3cc3bc10218cf509ba24613cda41d940,cc63f0dd2acba93ffed4fe9f8e0321fa,0a0fb2b07d841f84fb6714e35c723075,9e4d1098a3b0f5da39b0bc48f9876645,2018-04-24 03:00:00,home_office_furniture,online_beginner,eagle,,,,reseller,,0.0
b223756da60ed5012d1d302bc9f50f6e,bb2afe2061d53c6968aa0cffa233a8ec,9e4d1098a3b0f5da39b0bc48f9876645,85fc447d336637ba1df43e793199fbc8,2018-04-06 17:56:04,sports_leisure,online_medium,cat,,,,reseller,,0.0
4144092976e61a9c32e1c7b205d85452,ba56ae8ab7eb61b0c3f064f9661eb15c,4b339f9567d060bcea4f5136b9f5949e,9ae085775a198122c5586fa830ff7f2b,2018-02-01 12:33:15,books,online_medium,,,,,manufacturer,,0.0
b30be338efa14f74a40949dbafd02b57,c8cc60ffd415254af5d9b9f34f32c369,068066e24f0c643eb1d089c7dd20cd73,fbf4aef3f6915dc0c3c97d6812522f6a,2018-04-30 20:23:10,pet,online_medium,cat,,,,reseller,,0.0
7c68935a1dfb1fc8fb714797e7cbf805,6267923376872bb45a1c804aed0f1e73,56bf83c4bb35763a51c2baab501b4c67,c638112b43f1d1b86dcabb0da720c901,2018-03-28 18:55:26,household_utilities,industry,eagle,,,,manufacturer,,0.0
8551ef0d517bfc756cb31e0477ac4adc,c1849d4d32d7a6cecd5aa471809d3135,b90f87164b5f8c2cfa5c8572834dbe3f,4ef15afb4b2723d8f3d81e51ec7afefe,2018-05-18 12:47:49,party,offline,cat,,,,manufacturer,,0.0
fc0a87e43ede1f423412583293815598,90c523952c5622d268addb6d93a7212f,f42a2bd194f7802ab052a815c8de65b7,d3d1e91a157ea7f90548eef82f1955e3,2018-08-20 13:59:51,audio_video_electronics,online_beginner,cat,True,True,,reseller,5.0,0.0
57648ec099f2451be828fb2e27d8f46a,0ab97fdbae52ec0e877efdf9b310528e,370c9f455f93a9a96cbe9bea48e70033,4ef15afb4b2723d8f3d81e51ec7afefe,2018-04-13 20:38:20,food_drink,online_medium,cat,,,,reseller,,0.0
d768d7e09a6f9ff4146a1659635cf304,f233b575e585413f12fe2f847d922447,282f16e20d50cb18d05182e80f6b9dd6,d3d1e91a157ea7f90548eef82f1955e3,2018-10-30 18:21:05,household_utilities,online_big,wolf,True,False,1-5,reseller,100.0,150000.0
cdb36ea731ecf2d69881eaff7220b10e,7d2af2d0dc5a86742cda2e5da38c1ac7,9e4d1098a3b0f5da39b0bc48f9876645,c638112b43f1d1b86dcabb0da720c901,2018-03-19 03:00:00,audio_video_electronics,online_medium,,,,,reseller,,0.0
06bc22c1b089be523e97524b67084ca0,71729348559edea55a3e7a2bc2a2986d,4b339f9567d060bcea4f5136b9f5949e,fbf4aef3f6915dc0c3c97d6812522f6a,2018-06-06 17:50:28,health_beauty,online_medium,cat,,,,manufacturer,,0.0
d6e0ddfc5b05597877a7d5036789a3a1,4125d9385a25e82d2f72d3a0fd55bc3f,a8387c01a09e99ce014107505b92388c,9e4d1098a3b0f5da39b0bc48f9876645,2018-04-05 15:06:11,home_decor,online_medium,cat,,,,reseller,,0.0
66744053f818d4032f5ba881340db020,5f5a58930c3c35f3b5af264f34fb8c85,4b339f9567d060bcea4f5136b9f5949e,495d4e95a8cf8bbf8b432b612a2aa328,2018-02-26 17:07:06,air_conditioning,online_medium,wolf,,,,reseller,,0.0
6dcca2f79e4a4672f7c91f58385b4582,94eead2f1cdacbf7ba5c5a0bdbe4cf1f,f42a2bd194f7802ab052a815c8de65b7,de63de0d10a6012430098db33c679b0b,2018-04-27 14:11:20,household_utilities,offline,wolf,,,,reseller,,0.0
e73083572cc595460842f5090da94662,facd538cb53fa082bffaeee65521020a,370c9f455f93a9a96cbe9bea48e70033,34d40cdaf94010a1d05b0d6212f9e909,2018-09-17 12:03:18,car_accessories,offline,eagle,,,1-5,reseller,50.0,10000.0
6fba9ab96aa12c4c9d01e74b66a74485,09c34a8e333be37851747c27525a4e53,9d12ef1a7eca3ec58c545c678af7869c,068066e24f0c643eb1d089c7dd20cd73,2018-05-15 20:21:11,pet,online_small,eagle,,,,reseller,,0.0
fa027edbceb48e6657770c2985172201,8fbd63429be6d3e5e6d1a709b6464802,fdb16d3cbbeb5798f2f66c4096be026d,9ae085775a198122c5586fa830ff7f2b,2018-01-23 17:58:30,car_accessories,industry,,,,,reseller,,0.0
83d5aac46c097426773520489cda201c,a28120fc27b206d3bc355b57040baf7a,a8387c01a09e99ce014107505b92388c,9e4d1098a3b0f5da39b0bc48f9876645,2018-04-30 13:06:43,audio_video_electronics,industry,cat,,,,reseller,,0.0
a562fd35af2738ce6d88f785ef4eb134,b16d3dadc47d4eb18be3d88bad0775ce,a8387c01a09e99ce014107505b92388c,fbf4aef3f6915dc0c3c97d6812522f6a,2018-03-28 16:11:25,sports_leisure,online_medium,cat,,,,manufacturer,,0.0
288ba9abad93ef50e6a76089ae84aab3,a8fee0ab6206634206f782c32e41a2a4,e7dff61b78bebffa71678e126ce669ad,4b339f9567d060bcea4f5136b9f5949e,2018-08-23 12:46:40,health_beauty,online_medium,cat,True,True,50-200,reseller,300.0,25000.0
ab1417ecaf41d8fb741fade9be0b8ab1,dd5450b022b2d00a2145a66331e1aef6,9e4d1098a3b0f5da39b0bc48f9876645,495d4e95a8cf8bbf8b432b612a2aa328,2018-02-19 17:26:54,household_utilities,online_medium,wolf,,,,reseller,,0.0
d6137197f40a5b7916e5e9cbbbab739e,f887581ec486ee8eec9ed933310848e0,09285259593c61296eef10c734121d5b,de63de0d10a6012430098db33c679b0b,2018-05-31 21:44:18,car_accessories,online_medium,cat,,,,reseller,,0.0
bd0027406f48f714d12dc1de747133cf,f89e46b812b06f22508f89873565ce6c,56bf83c4bb35763a51c2baab501b4c67,56bf83c4bb35763a51c2baab501b4c67,2018-04-30 20:24:05,food_supplement,offline,,,,,reseller,,0.0
9b6edcffd428da99ae60cc01049a8403,845e8036c3f7bf62099352f5ed910240,34d40cdaf94010a1d05b0d6212f9e909,4ef15afb4b2723d8f3d81e51ec7afefe,2018-05-03 03:00:00,bed_bath_table,online_big,cat,,,,reseller,,0.0
d6140c51d9f0507b9a747e63e335be7d,ce9d7ae0d0fe0a747bc46cf3f089cfaa,0a0fb2b07d841f84fb6714e35c723075,495d4e95a8cf8bbf8b432b612a2aa328,2018-06-20 18:31:06,audio_video_electronics,industry,cat,,,,reseller,,0.0
7f12bc8cffb170e083ea5c5296272b97,f049a72cf58fd31b11f8919cade515e7,4b339f9567d060bcea4f5136b9f5949e,2695de1affa7750089c0455f8ce27021,2018-05-24 22:16:29,audio_video_electronics,online_beginner,cat,,,,reseller,,0.0
d9734d3817f40bb704b7cc4984ec39b0,117cfc326c6d50da67ca858ff5c0c852,4b339f9567d060bcea4f5136b9f5949e,d3d1e91a157ea7f90548eef82f1955e3,2018-03-29 20:20:04,household_utilities,online_medium,wolf,,,,reseller,,0.0
8f24f9bb371471be344cdb6fbcd99688,c6d5704d1ed91beed0114bcd9d3367bb,de63de0d10a6012430098db33c679b0b,d3d1e91a157ea7f90548eef82f1955e3,2018-03-05 18:43:20,home_decor,online_beginner,,,,,manufacturer,,0.0
1bd7d4eac464cde6f86349cbe0d61385,049197f741ca0cde891420fc72fba3e5,56bf83c4bb35763a51c2baab501b4c67,2695de1affa7750089c0455f8ce27021,2018-04-19 22:00:40,pet,offline,cat,,,,reseller,,0.0
a85d745228d0257adc11fd790a31cee5,116e5ef667d05e59c8b95acd02670ff3,fdb16d3cbbeb5798f2f66c4096be026d,4ef15afb4b2723d8f3d81e51ec7afefe,2018-03-20 14:01:49,health_beauty,online_small,cat,,,,reseller,,0.0
bc18cd01dacdd62719e6b4d59248c5e1,f1fdf2d13186575751aa25876536d85c,9e4d1098a3b0f5da39b0bc48f9876645,2695de1affa7750089c0455f8ce27021,2018-03-22 13:06:50,sports_leisure,online_big,eagle,,,,reseller,,0.0
d1d35acfd20d413bbda1eae8e208f0b5,b64d51f0435e884e8de603b1655155ae,068066e24f0c643eb1d089c7dd20cd73,9ae085775a198122c5586fa830ff7f2b,2018-02-15 16:06:31,household_utilities,online_medium,,,,,reseller,,0.0
48a8b46e7ea342b913b50c7087f78162,56e361f411e38dcef17cdc2a3d99628b,9d12ef1a7eca3ec58c545c678af7869c,4ef15afb4b2723d8f3d81e51ec7afefe,2018-05-10 19:16:27,audio_video_electronics,industry,cat,,,,manufacturer,,0.0
30c5ba4650eee4a5550cdfa16fb4f195,cac876b37d3abcd6bd76caca30277996,de63de0d10a6012430098db33c679b0b,d3d1e91a157ea7f90548eef82f1955e3,2018-01-29 17:13:49,home_decor,online_big,,,,,reseller,,0.0
60a7799873854c9ccd549ec39c8efddf,a414555ce331b8c8aea4a9cb8395194d,4b339f9567d060bcea4f5136b9f5949e,2695de1affa7750089c0455f8ce27021,2018-01-29 20:08:37,home_appliances,online_medium,,,,,reseller,,0.0
428a96d781ccb96d757bbf82f8242d95,c54679b132454625907c773d273d4126,068066e24f0c643eb1d089c7dd20cd73,4ef15afb4b2723d8f3d81e51ec7afefe,2018-01-08 19:14:47,health_beauty,online_medium,,,,,manufacturer,,0.0
21c55cb2ff8f7ce34b89f7cc8cf71d9f,4a82168aaef173cbb6e46ae88728f919,9d12ef1a7eca3ec58c545c678af7869c,a8387c01a09e99ce014107505b92388c,2018-05-02 17:57:01,health_beauty,online_big,wolf,,,,reseller,,0.0
4952d2ac78b534c78d7a21c60a236e4c,41b9c7bfadf5f42b93b7bfbae1b84494,56bf83c4bb35763a51c2baab501b4c67,fbf4aef3f6915dc0c3c97d6812522f6a,2018-01-15 19:51:21,audio_video_electronics,online_small,,,,,reseller,,0.0
d90b1c32b55f731e8a2072bfad782fdd,d8d9567d0bfb0bc7eb845a205ba42657,4b339f9567d060bcea4f5136b9f5949e,d3d1e91a157ea7f90548eef82f1955e3,2018-02-09 13:41:10,books,online_medium,wolf,,,,reseller,,0.0
6dfdc6a7e91f5d20a16c956c33974ca5,3ab971ce71839580d2ae5b4e40fe8044,a8387c01a09e99ce014107505b92388c,2695de1affa7750089c0455f8ce27021,2018-04-27 13:55:14,home_decor,online_big,cat,,,,reseller,,0.0
ffdd99e05df27c02a2fb1669d49e0c76,02f623a8eb246f3c5f7c2f96462654e6,370c9f455f93a9a96cbe9bea48e70033,56bf83c4bb35763a51c2baab501b4c67,2018-04-18 20:16:19,sports_leisure,online_medium,eagle,,,,reseller,,0.0
e73b38ff519142fdc3723ddf4a3a5825,11a559e252a8d167a8ccea7abcf357f3,fdb16d3cbbeb5798f2f66c4096be026d,fbf4aef3f6915dc0c3c97d6812522f6a,2018-01-19 17:23:06,construction_tools_house_garden,online_medium,,,,,manufacturer,,0.0
eea8870139b7780b13870d4299006da2,cec13d4723ba59aae2a6663b99129a49,09285259593c61296eef10c734121d5b,6565aa9ce3178a5caf6171827af3a9ba,2018-04-04 13:50:13,car_accessories,online_medium,cat,,,,reseller,,0.0
271a299f0893b2173e77162c5c768b89,0ca9bd8db4679bc89692acdfcd96b6c4,4b339f9567d060bcea4f5136b9f5949e,de63de0d10a6012430098db33c679b0b,2018-05-23 21:47:07,health_beauty,online_big,cat,,,,reseller,,0.0
1b061b1cec6b5898e5326992d9461610,351cc0833086e30c04f3b0a15dbc3e93,9d12ef1a7eca3ec58c545c678af7869c,de63de0d10a6012430098db33c679b0b,2018-09-03 19:15:53,household_utilities,online_big,cat,,,5-20,reseller,1000.0,0.0
c028b7dd285d13e19ff7a4cabf8bf700,6aa3928696eab49a19a466e665a649fd,068066e24f0c643eb1d089c7dd20cd73,9ae085775a198122c5586fa830ff7f2b,2018-02-07 13:40:14,health_beauty,online_medium,,,,,reseller,,0.0
90513943523077ad07582e989457ccec,539ed9e19811677513447759be5eccfc,34d40cdaf94010a1d05b0d6212f9e909,068066e24f0c643eb1d089c7dd20cd73,2018-05-15 18:16:40,home_decor,industry,cat,,,,reseller,,0.0
080cc5a4ec71a747e260e274bdb13b64,d7827b2af99326a03b0ed9c7a24db0d3,9e4d1098a3b0f5da39b0bc48f9876645,6565aa9ce3178a5caf6171827af3a9ba,2018-03-29 16:29:14,construction_tools_house_garden,online_big,cat,,,,reseller,,0.0
3f2a136272ab1bc4ee09e0695becffd1,6c6d00f0561125a66cffac53cfe3f913,f42a2bd194f7802ab052a815c8de65b7,85fc447d336637ba1df43e793199fbc8,2018-07-31 22:29:03,food_drink,online_beginner,wolf,,,,manufacturer,,0.0
a4fa73f413400524fef474c93faa5e02,bd4431c1a8dfa744b59e1e2a8bc99b9e,56bf83c4bb35763a51c2baab501b4c67,495d4e95a8cf8bbf8b432b612a2aa328,2018-01-26 18:13:17,health_beauty,offline,,,,,reseller,,0.0
bd503b6e91ef50d1c4c169476158e8eb,4a1917ef994878940e1fb03eeb787ad7,9d12ef1a7eca3ec58c545c678af7869c,4ef15afb4b2723d8f3d81e51ec7afefe,2018-04-09 17:28:44,phone_mobile,industry,eagle,,,,reseller,,0.0
f6127362ba4727c54d742b7ab1ae7c1c,c0aff2da32c17759d30b22fb0af6649d,4b339f9567d060bcea4f5136b9f5949e,6565aa9ce3178a5caf6171827af3a9ba,2018-04-20 13:24:51,music_instruments,online_medium,wolf,,,,reseller,,0.0
2448225d3dfa0dc52632c746aa76b66e,cb6c9f5888a7a090c75beaf615925792,a8387c01a09e99ce014107505b92388c,4ef15afb4b2723d8f3d81e51ec7afefe,2018-04-20 19:04:20,construction_tools_house_garden,online_medium,eagle,,,,reseller,,0.0
f49a02e0f135ae9f2bcf60f55bcd0174,f212a20c700f5a7c3d4de5ef38e02c42,370c9f455f93a9a96cbe9bea48e70033,d3d1e91a157ea7f90548eef82f1955e3,2018-08-10 13:01:03,audio_video_electronics,online_medium,cat,True,True,50-200,reseller,,0.0
c36d210f50e7ef3103da68ab61efd093,59cea8e446d3834393058e7e0666b6fb,9d12ef1a7eca3ec58c545c678af7869c,d3d1e91a157ea7f90548eef82f1955e3,2018-05-08 12:18:42,small_appliances,online_big,eagle,,,,reseller,,0.0
384b5bdbe32117213b87f8f5e0604be4,2cb98e27ce1c18abdb42209b34c382a7,a8387c01a09e99ce014107505b92388c,9ae085775a198122c5586fa830ff7f2b,2018-02-28 03:00:00,car_accessories,online_beginner,cat,,,,reseller,,0.0
6c465ed53d17739467c95fe414d8e056,3289d8c3eef4873f91ce0b1343c0dd58,a8387c01a09e99ce014107505b92388c,4ef15afb4b2723d8f3d81e51ec7afefe,2018-04-26 20:04:29,sports_leisure,online_small,cat,,,,manufacturer,,0.0
f74b25a7dc1504cf5a3b964a990266ff,55c26bcb609f480eb7868594245febb5,56bf83c4bb35763a51c2baab501b4c67,d3d1e91a157ea7f90548eef82f1955e3,2018-03-01 14:58:45,baby,online_big,cat,,,,reseller,,0.0
57e65b6fc1f2e47c402deeee25bba1aa,5c3460cd3e8a984382ae254e7dd20d9f,f6c6ab65a1c732f154b371401448be6d,495d4e95a8cf8bbf8b432b612a2aa328,2018-01-10 18:15:06,baby,online_small,,,,,reseller,,0.0
107fce5988735e531cae0da812db9a62,e979bb42fb660609fe056a6bea03761f,09285259593c61296eef10c734121d5b,d3d1e91a157ea7f90548eef82f1955e3,2018-04-27 03:00:00,jewerly,online_small,cat,,,,reseller,,0.0
e903c166f2335f821f495e4419b4821b,bcafb8538edd43b166274b25c60b7458,34d40cdaf94010a1d05b0d6212f9e909,495d4e95a8cf8bbf8b432b612a2aa328,2018-06-26 12:51:19,audio_video_electronics,online_big,cat,,,,reseller,,0.0
e430deb739cc669ad740c421931bc8f8,0e72c1a751b496722a6cb1f10653b62a,4b339f9567d060bcea4f5136b9f5949e,c638112b43f1d1b86dcabb0da720c901,2018-03-12 18:24:50,books,industry,wolf,,,,reseller,,0.0
2b736f73615495dbfc8c911ef6378747,abcb0f101902cd0ca5bfddc35ddab560,9d12ef1a7eca3ec58c545c678af7869c,068066e24f0c643eb1d089c7dd20cd73,2018-07-11 14:58:50,home_decor,online_medium,,,,,manufacturer,,0.0
cd9e8a4a222eb86428130d42fc684ca5,ae7ab174effdead6c241e547e4ca13f0,4b339f9567d060bcea4f5136b9f5949e,6565aa9ce3178a5caf6171827af3a9ba,2018-04-04 21:17:17,household_utilities,online_medium,cat,,,,manufacturer,,0.0
d8de81eff6dfe582a05bc6981879f01a,f85612e1b253b37d88329fdc16e8f32f,9d12ef1a7eca3ec58c545c678af7869c,495d4e95a8cf8bbf8b432b612a2aa328,2018-04-03 18:29:19,pet,online_big,cat,,,,reseller,,0.0
aadd608980d2f5f7ee3942cc912eef00,1d953075c2f0dd990bacf27b83b330f1,4b339f9567d060bcea4f5136b9f5949e,4ef15afb4b2723d8f3d81e51ec7afefe,2018-06-20 12:24:10,computers,online_medium,"cat, wolf",,,,reseller,,0.0
d88a45e680327e0b22a34020d8f78252,9261d76c62caaf0b24677c2ceb7f8f20,0a0fb2b07d841f84fb6714e35c723075,de63de0d10a6012430098db33c679b0b,2018-05-22 21:25:39,household_utilities,industry,cat,,,,reseller,,0.0
a552e1db6a1c7dbac243c72a8d3140bb,def312fb44a52de894acf688498ce1fc,56bf83c4bb35763a51c2baab501b4c67,9ae085775a198122c5586fa830ff7f2b,2018-01-31 13:33:48,home_decor,online_medium,,,,,manufacturer,,0.0
e2e57ded5b59a2058dd5855564c6b5ea,160851d3ece7aa1a510f8d1a4bb8a8af,b90f87164b5f8c2cfa5c8572834dbe3f,4b339f9567d060bcea4f5136b9f5949e,2018-07-18 20:24:28,construction_tools_house_garden,industry,cat,True,True,200+,manufacturer,,0.0
098d6dd896e6740f88282b48495d47ef,c004e5ea15737026cecaee0447e00b75,9e4d1098a3b0f5da39b0bc48f9876645,85fc447d336637ba1df43e793199fbc8,2018-03-26 19:31:38,construction_tools_house_garden,offline,shark,,,,reseller,,0.0
d0b16c2b9e945575082a7e81f6f933b0,7ff588a03c2aeae4fbd23f9ae64b760d,370c9f455f93a9a96cbe9bea48e70033,de63de0d10a6012430098db33c679b0b,2018-05-21 20:28:33,car_accessories,online_big,cat,,,,reseller,,0.0
512182619d12ae0863827b7e5ab97f19,880ce4951cf857ab1d9e0b75c1d856f4,de63de0d10a6012430098db33c679b0b,9ae085775a198122c5586fa830ff7f2b,2018-01-31 02:00:00,car_accessories,industry,,,,,reseller,,0.0
0951c34dc17cf35be31bb59fa96435df,9e6967d3cf386d284251784b18ccb485,a8387c01a09e99ce014107505b92388c,56bf83c4bb35763a51c2baab501b4c67,2018-04-13 13:41:51,construction_tools_house_garden,online_big,cat,,,,reseller,,0.0
8292c2c5afbab7549123a2640e22044a,e9c2dc0dd4ac38448289be644ac94f42,0a0fb2b07d841f84fb6714e35c723075,de63de0d10a6012430098db33c679b0b,2018-06-20 18:32:56,sports_leisure,online_medium,shark,,,,reseller,,0.0
7270ec1d67725ee992193adf9e9f2637,964ff64dc05b13811c6d0f41e0aa5f6b,4b339f9567d060bcea4f5136b9f5949e,85fc447d336637ba1df43e793199fbc8,2018-04-11 14:36:14,home_decor,online_big,shark,,,,manufacturer,,0.0
a93dc621a446eb77129989e557dd50d0,ec5b3cd9d6bf0a880edfda73562a7cea,9d12ef1a7eca3ec58c545c678af7869c,2695de1affa7750089c0455f8ce27021,2018-06-11 14:29:08,,industry,,,,,reseller,,0.0
e911087c91c63c9d3e7ee83e372d10f7,1997c740529040d6a2244d2e818acb50,4b339f9567d060bcea4f5136b9f5949e,9ae085775a198122c5586fa830ff7f2b,2018-02-26 20:59:09,audio_video_electronics,online_big,wolf,,,,reseller,,0.0
6a10f542e6f79265c34a405dbc928e37,6fcc97197c64771f3c18aea3aa9d3913,2b63542749aa9caf15f21816da1db341,4ef15afb4b2723d8f3d81e51ec7afefe,2018-10-24 19:33:34,construction_tools_house_garden,industry,cat,,,,manufacturer,10.0,50000000.0
4de20dd98d2ca78fd643bdc4f0a6359b,1cbdc7cf130a41fd13a3c2a7d2fcfda7,9e4d1098a3b0f5da39b0bc48f9876645,6565aa9ce3178a5caf6171827af3a9ba,2018-03-16 19:39:38,bed_bath_table,offline,eagle,,,,reseller,,0.0
4a907eba6a8d0223e39ee7d45672e26b,75fe775fe1a7ad296e77ea7e66b35ac3,9d12ef1a7eca3ec58c545c678af7869c,56bf83c4bb35763a51c2baab501b4c67,2018-07-13 20:14:57,home_decor,offline,cat,,,,reseller,,0.0
1e8e96e5a2857a7645534e99f20928b7,9e545d0501bd685bba148d9f631093f1,de63de0d10a6012430098db33c679b0b,060c0a26f19f4d66b42e0d8796688490,2018-02-22 13:16:06,construction_tools_house_garden,online_big,,,,,reseller,,0.0
8cfebc3e119ed2fe0dd172eb59b0a595,40105cb0aec41563d24ccc7b90ae7083,370c9f455f93a9a96cbe9bea48e70033,85fc447d336637ba1df43e793199fbc8,2018-08-30 22:00:23,home_decor,industry,cat,True,True,200+,manufacturer,40.0,100000.0
bf3e0df27b04abb4c107ab4df9955b29,b1116e9a35b2fa91eb4a0af8e73cdc3a,9d12ef1a7eca3ec58c545c678af7869c,d3d1e91a157ea7f90548eef82f1955e3,2018-06-14 18:51:26,small_appliances,industry,"eagle, wolf",,,,manufacturer,,0.0
853beae72ddb4f7a9b8c7c50dc0127e2,17595577347283c0140226df762e2e6b,9d12ef1a7eca3ec58c545c678af7869c,068066e24f0c643eb1d089c7dd20cd73,2018-07-03 12:26:43,bed_bath_table,online_medium,cat,,,,reseller,,0.0
3c803c1d8fef5385ca87aa1f8952338e,271b8923c6a549e02d3c9fd1f8c0422b,f42a2bd194f7802ab052a815c8de65b7,85fc447d336637ba1df43e793199fbc8,2018-06-01 16:45:27,household_utilities,offline,cat,,,,reseller,,0.0
3b9c2023b5da0ffe9aa0a39285c836c6,d7cb3f744255259a4ded02cb354f5bcf,de63de0d10a6012430098db33c679b0b,9ae085775a198122c5586fa830ff7f2b,2018-02-26 16:11:50,home_decor,online_medium,,,,,manufacturer,,0.0
fe1fa775d818957a76304c35e1939355,618b0524377e106190c0c91cacdb4b78,09285259593c61296eef10c734121d5b,2695de1affa7750089c0455f8ce27021,2018-05-11 03:00:00,car_accessories,online_medium,cat,,,,reseller,,0.0
5641240ccf2611004c76234f4afb8f90,231e2c768bf979ec59ff743f16a442ce,fdb16d3cbbeb5798f2f66c4096be026d,9ae085775a198122c5586fa830ff7f2b,2018-05-15 19:03:42,audio_video_electronics,industry,,,,,reseller,,0.0
3cab34e6c6a51d1f2ca8e76908c62368,44717f64ec2a457979cf83c429077666,a8387c01a09e99ce014107505b92388c,2695de1affa7750089c0455f8ce27021,2018-04-05 19:05:16,handcrafted,online_medium,cat,,,,reseller,,0.0
bfaf03e3d41e25b94457fadfbc4521eb,b0289c0c1f9f84008e7b4dbf795c4676,56bf83c4bb35763a51c2baab501b4c67,fbf4aef3f6915dc0c3c97d6812522f6a,2018-01-12 18:25:57,music_instruments,online_small,,,,,reseller,,0.0
e2e3fb19cb1f4edf8c601bab9adbad86,31be790e64fc99f8ff48ec2bd18a3104,09285259593c61296eef10c734121d5b,a8387c01a09e99ce014107505b92388c,2018-06-29 20:16:50,household_utilities,online_beginner,eagle,,,,reseller,,0.0
9675f0018d103531e073a3da2945df41,b0ec35adb04cfa85d3e0ff3f79c186a3,4b339f9567d060bcea4f5136b9f5949e,4ef15afb4b2723d8f3d81e51ec7afefe,2018-05-17 21:47:38,home_office_furniture,industry,eagle,,,,manufacturer,,0.0
3172362312fcf09d96f02125f66b74f5,fa7cc273072520346449b9e89329768a,0a0fb2b07d841f84fb6714e35c723075,34d40cdaf94010a1d05b0d6212f9e909,2018-08-10 16:46:39,audio_video_electronics,online_beginner,cat,True,True,200+,reseller,,0.0
0de705dc7d8026cc9b2128b775e4c35e,120476eb7a04c149d14772edaf5d9bf2,b90f87164b5f8c2cfa5c8572834dbe3f,85fc447d336637ba1df43e793199fbc8,2018-06-25 18:42:15,construction_tools_house_garden,online_big,wolf,,,,reseller,,0.0
1accc1c92278a9bc2bbc6a8002026b25,7df961ce758538004de6db0f5b9d7b6f,a8387c01a09e99ce014107505b92388c,2695de1affa7750089c0455f8ce27021,2018-04-17 14:51:42,home_decor,online_small,cat,,,,reseller,,0.0
0e327f32dbb22d433600688b7e9af0db,cee4320453079d554562dee0753d7d43,b34f6eba10f46bf9a657a01c108a8284,068066e24f0c643eb1d089c7dd20cd73,2018-08-21 21:07:30,health_beauty,online_medium,shark,True,True,5-20,reseller,500.0,30000.0
3db893ff5d6c0e9dccfed451a741853f,21f3118106d69d16dfe7d5aaf37cb242,9749123c950bf8363ace42cb1c2d0815,4ef15afb4b2723d8f3d81e51ec7afefe,2018-07-30 20:30:31,car_accessories,online_big,"cat, wolf",True,True,50-200,reseller,,0.0
8f118ab2a5c0d99362fb67e29856acab,94d76e96eedd976258cd3278ce56d5f2,56bf83c4bb35763a51c2baab501b4c67,4ef15afb4b2723d8f3d81e51ec7afefe,2018-02-07 20:39:32,construction_tools_house_garden,online_big,,,,,manufacturer,,0.0
626dc1c3716c817b064632fded168e35,b5e7d871b063f34de611e8b448e63f2e,56bf83c4bb35763a51c2baab501b4c67,6565aa9ce3178a5caf6171827af3a9ba,2018-02-26 16:09:48,health_beauty,offline,eagle,,,,manufacturer,,0.0
4433c8475916d6e6ebb8cf4994d2f1d1,04ed0495537199603d4930fc5c0dd026,09285259593c61296eef10c734121d5b,56bf83c4bb35763a51c2baab501b4c67,2018-04-27 14:07:20,audio_video_electronics,offline,cat,,,,reseller,,0.0
667f061b738858573caad66f5cc56b32,96c1c7f1f24470915da80563cd1202ea,e7dff61b78bebffa71678e126ce669ad,d3d1e91a157ea7f90548eef82f1955e3,2018-08-08 16:22:31,audio_video_electronics,online_medium,cat,,,,reseller,,0.0
843966e79e757cf797b7dfe514e30af1,1f74801bb8b05750ce5e7597b685bd13,34d40cdaf94010a1d05b0d6212f9e909,2695de1affa7750089c0455f8ce27021,2018-06-18 13:51:38,food_supplement,offline,eagle,,,,reseller,,0.0
cf8f0678e67cb002c2b68f9f68629885,bed6d1f6c4664ab8cf3abf3821727756,068066e24f0c643eb1d089c7dd20cd73,85fc447d336637ba1df43e793199fbc8,2018-03-22 21:20:42,construction_tools_house_garden,industry,shark,,,,reseller,,0.0
299d8968ef74c5086cb3ee21f13ed27a,377bc18334c78dd2f1535ef22a3ad225,56bf83c4bb35763a51c2baab501b4c67,85fc447d336637ba1df43e793199fbc8,2018-03-07 22:08:32,car_accessories,online_big,cat,,,,reseller,,0.0
e9dcae4d924ac8fff2334db6e5b99482,51fdd5d43db628fada4588f89aba3e8e,9d12ef1a7eca3ec58c545c678af7869c,de63de0d10a6012430098db33c679b0b,2018-04-11 20:19:49,car_accessories,offline,cat,,,,reseller,,0.0
081c243a74472af67b65145cff5221c7,58f1a6197ed863543e0136bdedb3fce2,4b339f9567d060bcea4f5136b9f5949e,c638112b43f1d1b86dcabb0da720c901,2018-02-27 17:30:22,fashion_accessories,online_medium,eagle,,,,reseller,,0.0
39ecc5282d4511dca4c757113e1312d1,65febd49fd28ec955651299159b1f527,a8387c01a09e99ce014107505b92388c,d3d1e91a157ea7f90548eef82f1955e3,2018-03-19 18:58:47,household_utilities,online_big,,,,,reseller,,0.0
02c1f06978b821b2996ec257932f2947,9b1585752613ec342d03bbab9997ec48,f42a2bd194f7802ab052a815c8de65b7,de63de0d10a6012430098db33c679b0b,2018-05-11 14:22:51,car_accessories,offline,cat,,,,reseller,,0.0
072446c6aa02c85a9a91d6a75116def5,cbf09e831b0c11f6f23ffb51004db972,068066e24f0c643eb1d089c7dd20cd73,de63de0d10a6012430098db33c679b0b,2018-04-10 18:20:00,household_utilities,online_top,cat,,,,reseller,,0.0
0d8b45d95dc4bd9712dc67f87db79a8e,4f0d637c1197fd65405ebd755ac9f86b,56bf83c4bb35763a51c2baab501b4c67,de63de0d10a6012430098db33c679b0b,2018-03-12 21:20:49,health_beauty,online_medium,cat,,,,reseller,,0.0
f88920d4589dae7abec2eb05fca153e3,026c6180cd86d6069dad573ce69b465e,9d12ef1a7eca3ec58c545c678af7869c,068066e24f0c643eb1d089c7dd20cd73,2018-10-03 12:28:55,household_utilities,online_small,eagle,,,1-5,manufacturer,4.0,0.0
10b83e434ddcd9c79ad2b9be2fd0aa84,0691fc6052b1918d775ac6ff8275eb01,fdb16d3cbbeb5798f2f66c4096be026d,fbf4aef3f6915dc0c3c97d6812522f6a,2018-01-12 02:00:00,home_decor,online_medium,,,,,manufacturer,,0.0
dcebacc996ed40656c7097704c600386,d50f6d198921d51b24544738b29d2b0e,09285259593c61296eef10c734121d5b,85fc447d336637ba1df43e793199fbc8,2018-06-04 13:55:12,food_drink,industry,cat,,,,manufacturer,,0.0
e4dcab5f7c33b62eb67f0a87c1b7f162,9485222b0bad29d3b0e860fa5ec1fdd4,4b339f9567d060bcea4f5136b9f5949e,9749123c950bf8363ace42cb1c2d0815,2018-09-13 03:00:00,construction_tools_house_garden,industry,wolf,True,False,50-200,manufacturer,100.0,0.0